case_id,txn_id
CASE-H001,T3100001
CASE-H002,T3100002
CASE-H003,T3100003
CASE-H004,T3100004
CASE-H005,T3100005
CASE-H006,T3100006
CASE-H007,T3100007
CASE-H008,T3100008
CASE-H009,T3100009
CASE-H010,T3100010
CASE-H011,T3100011
CASE-H012,T3100012
CASE-H013,T3100013
CASE-H014,T3100014
CASE-H015,T3100015
CASE-H016,T3100016
CASE-H017,T3100017
CASE-H018,T3100018
CASE-H019,T3100019
CASE-H020,T3100020
CASE-H021,T3100021
CASE-H022,T3100022
CASE-H023,T3100023
CASE-H024,T3100024
CASE-H025,T3100025
CASE-H026,T3100026
CASE-H027,T3100027
CASE-H028,T3100028
CASE-H029,T3100029
CASE-H030,T3100030
CASE-H031,T3100031
CASE-H032,T3100032
CASE-H033,T3100033
CASE-H900,T3100034
CASE-H900,T3100035
CASE-H900,T3100036
CASE-H901,T3100387
CASE-H901,T3100388
HHGOA-001,T3100040
HHGOA-002,T3100085
HHGOA-003,T3100126
HHGOA-004,T3100177
HHGOA-005,T3100228
HHGOA-006,T3100241
HHGOA-007,T3100245
HHGOA-008,T3100306
HHGOA-009,T3100337
HHGOA-010,T3100386
HHGOA-011,T3100395
HHGOA-012,T3100396
HHGOA-013,T3100433
HHGOA-014,T3100438
HHGOA-015,T3100484
HHGOA-016,T3100525
HHGOA-017,T3100526
HHGOA-018,T3100552
HHGOA-019,T3100573
HHGOA-020,T3100654
