txn_id,amount,ts,product_cd,is_fraud,chargeback,card_id,device_id,ip_id,customer_id
T3100001,1970.26,8913600,W,1,true,CARD-10001,DEV-20001,IP-40001,CUST-30001
T3100002,1128.78,8827200,W,1,true,CARD-10002,DEV-20002,IP-40002,CUST-30002
T3100003,160.61,8740800,W,0,false,CARD-10003,DEV-20003,IP-40003,CUST-30003
T3100004,759.96,8654400,W,1,true,CARD-10004,DEV-20004,IP-40004,CUST-30004
T3100005,2489.21,8568000,W,1,true,CARD-10005,DEV-20005,IP-40005,CUST-30005
T3100006,1752.45,8481600,W,1,true,CARD-10006,DEV-20006,IP-40006,CUST-30006
T3100007,187.42,8395200,W,1,true,CARD-10007,DEV-20007,IP-40007,CUST-30007
T3100008,1286.46,8308800,W,1,true,CARD-10008,DEV-20008,IP-40008,CUST-30008
T3100009,1702.76,8222400,W,0,false,CARD-10009,DEV-20009,IP-40009,CUST-30009
T3100010,1765.72,8136000,W,1,true,CARD-10010,DEV-20010,IP-40010,CUST-30010
T3100011,337.42,8049600,W,1,true,CARD-10011,DEV-20011,IP-40011,CUST-30011
T3100012,1876.08,7963200,W,0,false,CARD-10012,DEV-20012,IP-40012,CUST-30012
T3100013,2342.82,7876800,W,0,false,CARD-10013,DEV-20013,IP-40013,CUST-30013
T3100014,1116.67,7790400,W,0,false,CARD-10014,DEV-20014,IP-40014,CUST-30014
T3100015,2112.03,7704000,W,1,true,CARD-10015,DEV-20015,IP-40015,CUST-30015
T3100016,1599.33,7617600,W,1,true,CARD-10016,DEV-20016,IP-40016,CUST-30016
T3100017,899.42,7531200,W,1,true,CARD-10017,DEV-20017,IP-40017,CUST-30017
T3100018,1283.46,7444800,W,1,true,CARD-10018,DEV-20018,IP-40018,CUST-30018
T3100019,2803.15,7358400,W,1,true,CARD-10019,DEV-20019,IP-40019,CUST-30019
T3100020,2305.48,7272000,W,1,true,CARD-10020,DEV-20020,IP-40020,CUST-30020
T3100021,1053.36,7185600,W,0,false,CARD-10021,DEV-20021,IP-40021,CUST-30021
T3100022,1760.69,7099200,W,1,true,CARD-10022,DEV-20022,IP-40022,CUST-30022
T3100023,2836.81,7012800,W,1,true,CARD-10023,DEV-20023,IP-40023,CUST-30023
T3100024,228.97,6926400,W,1,true,CARD-10024,DEV-20024,IP-40024,CUST-30024
T3100025,889.56,6840000,W,0,false,CARD-10025,DEV-20025,IP-40025,CUST-30025
T3100026,116.56,6753600,W,1,true,CARD-10026,DEV-20026,IP-40026,CUST-30026
T3100027,1852.21,6667200,W,0,false,CARD-10027,DEV-20027,IP-40027,CUST-30027
T3100028,2316.29,6580800,W,1,true,CARD-10028,DEV-20028,IP-40028,CUST-30028
T3100029,1223.8,6494400,W,0,false,CARD-10029,DEV-20029,IP-40029,CUST-30029
T3100030,540.78,6408000,W,0,false,CARD-10030,DEV-20030,IP-40030,CUST-30030
T3100031,2655.98,6321600,W,0,false,CARD-10031,DEV-20031,IP-40031,CUST-30031
T3100032,2133.87,6235200,W,0,false,CARD-10032,DEV-20032,IP-40032,CUST-30032
T3100033,2875.31,6148800,W,1,true,CARD-10033,DEV-20033,IP-40033,CUST-30033
T3100034,954.25,14740800,W,1,true,CARD-10034,DEV-20034,IP-40034,CUST-30034
T3100035,1081.22,14775360,W,1,true,CARD-10035,DEV-20034,IP-40034,CUST-30035
T3100036,1204.12,14809920,W,1,true,CARD-10036,DEV-20034,IP-40034,CUST-30036
T3100037,1482.5,14844480,W,-1,false,CARD-10037,DEV-20034,IP-40034,CUST-30037
T3100038,764.75,14879040,W,-1,false,CARD-10038,DEV-20034,IP-40034,CUST-30038
T3100039,1491.64,14913600,W,-1,false,CARD-10039,DEV-20034,IP-40034,CUST-30039
T3100040,1850.0,15000000,W,-1,false,CARD-10040,DEV-20034,IP-40034,CUST-30040
T3100041,60.67,15325523,W,0,false,CARD-10041,DEV-20035,IP-40035,CUST-30041
T3100042,50.06,14823846,W,0,false,CARD-10041,DEV-20035,IP-40035,CUST-30041
T3100043,77.96,14322168,W,0,false,CARD-10041,DEV-20035,IP-40035,CUST-30041
T3100044,53.49,13820491,W,0,false,CARD-10041,DEV-20035,IP-40035,CUST-30041
T3100045,53.64,13318813,W,0,false,CARD-10041,DEV-20035,IP-40035,CUST-30041
T3100046,66.18,12817136,W,0,false,CARD-10041,DEV-20035,IP-40035,CUST-30041
T3100047,56.61,12315459,W,0,false,CARD-10041,DEV-20035,IP-40035,CUST-30041
T3100048,40.97,11813781,W,0,false,CARD-10041,DEV-20035,IP-40035,CUST-30041
T3100049,63.88,11312104,W,0,false,CARD-10041,DEV-20035,IP-40035,CUST-30041
T3100050,34.14,10810426,W,0,false,CARD-10041,DEV-20035,IP-40035,CUST-30041
T3100051,69.7,10308749,W,0,false,CARD-10041,DEV-20035,IP-40035,CUST-30041
T3100052,89.28,9807071,W,0,false,CARD-10041,DEV-20035,IP-40035,CUST-30041
T3100053,95.96,9305394,W,0,false,CARD-10041,DEV-20035,IP-40035,CUST-30041
T3100054,67.01,8803717,W,0,false,CARD-10041,DEV-20035,IP-40035,CUST-30041
T3100055,59.65,8302039,W,0,false,CARD-10041,DEV-20035,IP-40035,CUST-30041
T3100056,42.52,7800362,W,0,false,CARD-10041,DEV-20035,IP-40035,CUST-30041
T3100057,53.93,7298684,W,0,false,CARD-10041,DEV-20035,IP-40035,CUST-30041
T3100058,40.25,6797007,W,0,false,CARD-10041,DEV-20035,IP-40035,CUST-30041
T3100059,90.32,6295330,W,0,false,CARD-10041,DEV-20035,IP-40035,CUST-30041
T3100060,47.36,5793652,W,0,false,CARD-10041,DEV-20035,IP-40035,CUST-30041
T3100061,57.88,5291975,W,0,false,CARD-10041,DEV-20035,IP-40035,CUST-30041
T3100062,39.48,4790297,W,0,false,CARD-10041,DEV-20035,IP-40035,CUST-30041
T3100063,71.49,4288620,W,0,false,CARD-10041,DEV-20035,IP-40035,CUST-30041
T3100064,75.54,3786942,W,0,false,CARD-10041,DEV-20035,IP-40035,CUST-30041
T3100065,86.09,3285265,W,0,false,CARD-10041,DEV-20035,IP-40035,CUST-30041
T3100066,79.21,2783588,W,0,false,CARD-10041,DEV-20035,IP-40035,CUST-30041
T3100067,57.35,2281910,W,0,false,CARD-10041,DEV-20035,IP-40035,CUST-30041
T3100068,53.66,1780233,W,0,false,CARD-10041,DEV-20035,IP-40035,CUST-30041
T3100069,71.8,1278555,W,0,false,CARD-10041,DEV-20035,IP-40035,CUST-30041
T3100070,49.17,776878,W,0,false,CARD-10041,DEV-20035,IP-40035,CUST-30041
T3100071,4.65,15999640,C,-1,false,CARD-10041,DEV-20036,IP-40036,CUST-30041
T3100072,3.17,15999665,C,-1,false,CARD-10041,DEV-20036,IP-40036,CUST-30041
T3100073,4.17,15999690,C,-1,false,CARD-10041,DEV-20036,IP-40036,CUST-30041
T3100074,1.36,15999715,C,-1,false,CARD-10041,DEV-20036,IP-40036,CUST-30041
T3100075,2.39,15999740,C,-1,false,CARD-10041,DEV-20036,IP-40036,CUST-30041
T3100076,2.6,15999765,C,-1,false,CARD-10041,DEV-20036,IP-40036,CUST-30041
T3100077,1.6,15999790,C,-1,false,CARD-10041,DEV-20036,IP-40036,CUST-30041
T3100078,1.38,15999815,C,-1,false,CARD-10041,DEV-20036,IP-40036,CUST-30041
T3100079,1.85,15999840,C,-1,false,CARD-10041,DEV-20036,IP-40036,CUST-30041
T3100080,2.73,15999865,C,-1,false,CARD-10041,DEV-20036,IP-40036,CUST-30041
T3100081,4.32,15999890,C,-1,false,CARD-10041,DEV-20036,IP-40036,CUST-30041
T3100082,2.35,15999915,C,-1,false,CARD-10041,DEV-20036,IP-40036,CUST-30041
T3100083,4.38,15999940,C,-1,false,CARD-10041,DEV-20036,IP-40036,CUST-30041
T3100084,4.1,15999965,C,-1,false,CARD-10041,DEV-20036,IP-40036,CUST-30041
T3100085,480.0,16000000,W,-1,false,CARD-10041,DEV-20036,IP-40036,CUST-30041
T3100086,94.55,16447883,W,0,false,CARD-10042,DEV-20037,IP-40037,CUST-30042
T3100087,78.0,16068566,W,0,false,CARD-10042,DEV-20037,IP-40037,CUST-30042
T3100088,83.1,15689249,W,0,false,CARD-10042,DEV-20037,IP-40037,CUST-30042
T3100089,95.91,15309932,W,0,false,CARD-10042,DEV-20037,IP-40037,CUST-30042
T3100090,76.86,14930615,W,0,false,CARD-10042,DEV-20037,IP-40037,CUST-30042
T3100091,80.3,14551298,W,0,false,CARD-10042,DEV-20037,IP-40037,CUST-30042
T3100092,110.38,14171981,W,0,false,CARD-10042,DEV-20037,IP-40037,CUST-30042
T3100093,84.34,13792664,W,0,false,CARD-10042,DEV-20037,IP-40037,CUST-30042
T3100094,88.56,13413347,W,0,false,CARD-10042,DEV-20037,IP-40037,CUST-30042
T3100095,156.12,13034030,W,0,false,CARD-10042,DEV-20037,IP-40037,CUST-30042
T3100096,89.89,12654713,W,0,false,CARD-10042,DEV-20037,IP-40037,CUST-30042
T3100097,86.27,12275396,W,0,false,CARD-10042,DEV-20037,IP-40037,CUST-30042
T3100098,74.5,11896079,W,0,false,CARD-10042,DEV-20037,IP-40037,CUST-30042
T3100099,81.12,11516761,W,0,false,CARD-10042,DEV-20037,IP-40037,CUST-30042
T3100100,69.07,11137444,W,0,false,CARD-10042,DEV-20037,IP-40037,CUST-30042
T3100101,75.84,10758127,W,0,false,CARD-10042,DEV-20037,IP-40037,CUST-30042
T3100102,85.74,10378810,W,0,false,CARD-10042,DEV-20037,IP-40037,CUST-30042
T3100103,47.91,9999493,W,0,false,CARD-10042,DEV-20037,IP-40037,CUST-30042
T3100104,79.87,9620176,W,0,false,CARD-10042,DEV-20037,IP-40037,CUST-30042
T3100105,78.0,9240859,W,0,false,CARD-10042,DEV-20037,IP-40037,CUST-30042
T3100106,109.64,8861542,W,0,false,CARD-10042,DEV-20037,IP-40037,CUST-30042
T3100107,54.12,8482225,W,0,false,CARD-10042,DEV-20037,IP-40037,CUST-30042
T3100108,113.66,8102908,W,0,false,CARD-10042,DEV-20037,IP-40037,CUST-30042
T3100109,73.24,7723591,W,0,false,CARD-10042,DEV-20037,IP-40037,CUST-30042
T3100110,74.29,7344274,W,0,false,CARD-10042,DEV-20037,IP-40037,CUST-30042
T3100111,57.35,6964957,W,0,false,CARD-10042,DEV-20037,IP-40037,CUST-30042
T3100112,82.48,6585640,W,0,false,CARD-10042,DEV-20037,IP-40037,CUST-30042
T3100113,77.2,6206322,W,0,false,CARD-10042,DEV-20037,IP-40037,CUST-30042
T3100114,76.74,5827005,W,0,false,CARD-10042,DEV-20037,IP-40037,CUST-30042
T3100115,89.01,5447688,W,0,false,CARD-10042,DEV-20037,IP-40037,CUST-30042
T3100116,101.72,5068371,W,0,false,CARD-10042,DEV-20037,IP-40037,CUST-30042
T3100117,92.73,4689054,W,0,false,CARD-10042,DEV-20037,IP-40037,CUST-30042
T3100118,104.51,4309737,W,0,false,CARD-10042,DEV-20037,IP-40037,CUST-30042
T3100119,34.5,3930420,W,0,false,CARD-10042,DEV-20037,IP-40037,CUST-30042
T3100120,78.46,3551103,W,0,false,CARD-10042,DEV-20037,IP-40037,CUST-30042
T3100121,80.39,3171786,W,0,false,CARD-10042,DEV-20037,IP-40037,CUST-30042
T3100122,59.02,2792469,W,0,false,CARD-10042,DEV-20037,IP-40037,CUST-30042
T3100123,85.73,2413152,W,0,false,CARD-10042,DEV-20037,IP-40037,CUST-30042
T3100124,89.29,2033835,W,0,false,CARD-10042,DEV-20037,IP-40037,CUST-30042
T3100125,72.35,1654518,W,0,false,CARD-10042,DEV-20037,IP-40037,CUST-30042
T3100126,2400.0,17000000,W,-1,false,CARD-10042,DEV-20038,IP-40038,CUST-30042
T3100127,146.96,17522259,W,0,false,CARD-10043,DEV-20039,IP-40039,CUST-30043
T3100128,178.41,17217318,W,0,false,CARD-10043,DEV-20039,IP-40039,CUST-30043
T3100129,105.46,16912377,W,0,false,CARD-10043,DEV-20039,IP-40039,CUST-30043
T3100130,131.3,16607436,W,0,false,CARD-10043,DEV-20039,IP-40039,CUST-30043
T3100131,135.16,16302495,W,0,false,CARD-10043,DEV-20039,IP-40039,CUST-30043
T3100132,128.0,15997553,W,0,false,CARD-10043,DEV-20039,IP-40039,CUST-30043
T3100133,98.64,15692612,W,0,false,CARD-10043,DEV-20039,IP-40039,CUST-30043
T3100134,139.48,15387671,W,0,false,CARD-10043,DEV-20039,IP-40039,CUST-30043
T3100135,196.65,15082730,W,0,false,CARD-10043,DEV-20039,IP-40039,CUST-30043
T3100136,96.96,14777789,W,0,false,CARD-10043,DEV-20039,IP-40039,CUST-30043
T3100137,103.75,14472848,W,0,false,CARD-10043,DEV-20039,IP-40039,CUST-30043
T3100138,119.67,14167906,W,0,false,CARD-10043,DEV-20039,IP-40039,CUST-30043
T3100139,114.18,13862965,W,0,false,CARD-10043,DEV-20039,IP-40039,CUST-30043
T3100140,92.77,13558024,W,0,false,CARD-10043,DEV-20039,IP-40039,CUST-30043
T3100141,107.09,13253083,W,0,false,CARD-10043,DEV-20039,IP-40039,CUST-30043
T3100142,98.41,12948142,W,0,false,CARD-10043,DEV-20039,IP-40039,CUST-30043
T3100143,110.59,12643200,W,0,false,CARD-10043,DEV-20039,IP-40039,CUST-30043
T3100144,131.13,12338259,W,0,false,CARD-10043,DEV-20039,IP-40039,CUST-30043
T3100145,122.27,12033318,W,0,false,CARD-10043,DEV-20039,IP-40039,CUST-30043
T3100146,99.31,11728377,W,0,false,CARD-10043,DEV-20039,IP-40039,CUST-30043
T3100147,160.43,11423436,W,0,false,CARD-10043,DEV-20039,IP-40039,CUST-30043
T3100148,164.72,11118495,W,0,false,CARD-10043,DEV-20039,IP-40039,CUST-30043
T3100149,87.52,10813553,W,0,false,CARD-10043,DEV-20039,IP-40039,CUST-30043
T3100150,126.26,10508612,W,0,false,CARD-10043,DEV-20039,IP-40039,CUST-30043
T3100151,141.58,10203671,W,0,false,CARD-10043,DEV-20039,IP-40039,CUST-30043
T3100152,127.72,9898730,W,0,false,CARD-10043,DEV-20039,IP-40039,CUST-30043
T3100153,124.67,9593789,W,0,false,CARD-10043,DEV-20039,IP-40039,CUST-30043
T3100154,150.51,9288848,W,0,false,CARD-10043,DEV-20039,IP-40039,CUST-30043
T3100155,172.93,8983906,W,0,false,CARD-10043,DEV-20039,IP-40039,CUST-30043
T3100156,131.22,8678965,W,0,false,CARD-10043,DEV-20039,IP-40039,CUST-30043
T3100157,160.34,8374024,W,0,false,CARD-10043,DEV-20039,IP-40039,CUST-30043
T3100158,128.65,8069083,W,0,false,CARD-10043,DEV-20039,IP-40039,CUST-30043
T3100159,137.37,7764142,W,0,false,CARD-10043,DEV-20039,IP-40039,CUST-30043
T3100160,205.4,7459200,W,0,false,CARD-10043,DEV-20039,IP-40039,CUST-30043
T3100161,156.73,7154259,W,0,false,CARD-10043,DEV-20039,IP-40039,CUST-30043
T3100162,189.9,6849318,W,0,false,CARD-10043,DEV-20039,IP-40039,CUST-30043
T3100163,168.64,6544377,W,0,false,CARD-10043,DEV-20039,IP-40039,CUST-30043
T3100164,103.68,6239436,W,0,false,CARD-10043,DEV-20039,IP-40039,CUST-30043
T3100165,120.74,5934495,W,0,false,CARD-10043,DEV-20039,IP-40039,CUST-30043
T3100166,121.67,5629553,W,0,false,CARD-10043,DEV-20039,IP-40039,CUST-30043
T3100167,173.84,5324612,W,0,false,CARD-10043,DEV-20039,IP-40039,CUST-30043
T3100168,145.42,5019671,W,0,false,CARD-10043,DEV-20039,IP-40039,CUST-30043
T3100169,134.46,4714730,W,0,false,CARD-10043,DEV-20039,IP-40039,CUST-30043
T3100170,102.31,4409789,W,0,false,CARD-10043,DEV-20039,IP-40039,CUST-30043
T3100171,110.81,4104848,W,0,false,CARD-10043,DEV-20039,IP-40039,CUST-30043
T3100172,173.2,3799906,W,0,false,CARD-10043,DEV-20039,IP-40039,CUST-30043
T3100173,159.88,3494965,W,0,false,CARD-10043,DEV-20039,IP-40039,CUST-30043
T3100174,111.65,3190024,W,0,false,CARD-10043,DEV-20039,IP-40039,CUST-30043
T3100175,156.79,2885083,W,0,false,CARD-10043,DEV-20039,IP-40039,CUST-30043
T3100176,190.74,2580142,W,0,false,CARD-10043,DEV-20039,IP-40039,CUST-30043
T3100177,210.0,18000000,W,-1,false,CARD-10043,DEV-20039,IP-40040,CUST-30043
T3100178,50.44,18229047,W,0,false,CARD-10044,DEV-20040,IP-40041,CUST-30044
T3100179,47.1,17630893,W,0,false,CARD-10044,DEV-20040,IP-40041,CUST-30044
T3100180,95.6,17032739,W,0,false,CARD-10044,DEV-20040,IP-40041,CUST-30044
T3100181,53.94,16434585,W,0,false,CARD-10044,DEV-20040,IP-40041,CUST-30044
T3100182,66.63,15836431,W,0,false,CARD-10044,DEV-20040,IP-40041,CUST-30044
T3100183,75.2,15238277,W,0,false,CARD-10044,DEV-20040,IP-40041,CUST-30044
T3100184,74.07,14640124,W,0,false,CARD-10044,DEV-20040,IP-40041,CUST-30044
T3100185,36.07,14041970,W,0,false,CARD-10044,DEV-20040,IP-40041,CUST-30044
T3100186,84.16,13443816,W,0,false,CARD-10044,DEV-20040,IP-40041,CUST-30044
T3100187,89.73,12845662,W,0,false,CARD-10044,DEV-20040,IP-40041,CUST-30044
T3100188,81.66,12247508,W,0,false,CARD-10044,DEV-20040,IP-40041,CUST-30044
T3100189,75.37,11649354,W,0,false,CARD-10044,DEV-20040,IP-40041,CUST-30044
T3100190,97.69,11051200,W,0,false,CARD-10044,DEV-20040,IP-40041,CUST-30044
T3100191,71.09,10453047,W,0,false,CARD-10044,DEV-20040,IP-40041,CUST-30044
T3100192,75.37,9854893,W,0,false,CARD-10044,DEV-20040,IP-40041,CUST-30044
T3100193,75.56,9256739,W,0,false,CARD-10044,DEV-20040,IP-40041,CUST-30044
T3100194,51.47,8658585,W,0,false,CARD-10044,DEV-20040,IP-40041,CUST-30044
T3100195,68.52,8060431,W,0,false,CARD-10044,DEV-20040,IP-40041,CUST-30044
T3100196,88.12,7462277,W,0,false,CARD-10044,DEV-20040,IP-40041,CUST-30044
T3100197,73.58,6864124,W,0,false,CARD-10044,DEV-20040,IP-40041,CUST-30044
T3100198,41.86,6265970,W,0,false,CARD-10044,DEV-20040,IP-40041,CUST-30044
T3100199,73.74,5667816,W,0,false,CARD-10044,DEV-20040,IP-40041,CUST-30044
T3100200,80.14,5069662,W,0,false,CARD-10044,DEV-20040,IP-40041,CUST-30044
T3100201,59.45,4471508,W,0,false,CARD-10044,DEV-20040,IP-40041,CUST-30044
T3100202,106.52,3873354,W,0,false,CARD-10044,DEV-20040,IP-40041,CUST-30044
T3100203,98.88,18229047,W,0,false,CARD-10045,DEV-20040,IP-40041,CUST-30045
T3100204,109.77,17630893,W,0,false,CARD-10045,DEV-20040,IP-40041,CUST-30045
T3100205,61.37,17032739,W,0,false,CARD-10045,DEV-20040,IP-40041,CUST-30045
T3100206,84.65,16434585,W,0,false,CARD-10045,DEV-20040,IP-40041,CUST-30045
T3100207,113.79,15836431,W,0,false,CARD-10045,DEV-20040,IP-40041,CUST-30045
T3100208,86.91,15238277,W,0,false,CARD-10045,DEV-20040,IP-40041,CUST-30045
T3100209,75.84,14640124,W,0,false,CARD-10045,DEV-20040,IP-40041,CUST-30045
T3100210,66.46,14041970,W,0,false,CARD-10045,DEV-20040,IP-40041,CUST-30045
T3100211,91.78,13443816,W,0,false,CARD-10045,DEV-20040,IP-40041,CUST-30045
T3100212,97.24,12845662,W,0,false,CARD-10045,DEV-20040,IP-40041,CUST-30045
T3100213,68.67,12247508,W,0,false,CARD-10045,DEV-20040,IP-40041,CUST-30045
T3100214,102.84,11649354,W,0,false,CARD-10045,DEV-20040,IP-40041,CUST-30045
T3100215,111.75,11051200,W,0,false,CARD-10045,DEV-20040,IP-40041,CUST-30045
T3100216,96.52,10453047,W,0,false,CARD-10045,DEV-20040,IP-40041,CUST-30045
T3100217,102.25,9854893,W,0,false,CARD-10045,DEV-20040,IP-40041,CUST-30045
T3100218,103.78,9256739,W,0,false,CARD-10045,DEV-20040,IP-40041,CUST-30045
T3100219,111.0,8658585,W,0,false,CARD-10045,DEV-20040,IP-40041,CUST-30045
T3100220,128.07,8060431,W,0,false,CARD-10045,DEV-20040,IP-40041,CUST-30045
T3100221,86.59,7462277,W,0,false,CARD-10045,DEV-20040,IP-40041,CUST-30045
T3100222,86.47,6864124,W,0,false,CARD-10045,DEV-20040,IP-40041,CUST-30045
T3100223,94.41,6265970,W,0,false,CARD-10045,DEV-20040,IP-40041,CUST-30045
T3100224,81.12,5667816,W,0,false,CARD-10045,DEV-20040,IP-40041,CUST-30045
T3100225,107.32,5069662,W,0,false,CARD-10045,DEV-20040,IP-40041,CUST-30045
T3100226,63.79,4471508,W,0,false,CARD-10045,DEV-20040,IP-40041,CUST-30045
T3100227,52.18,3873354,W,0,false,CARD-10045,DEV-20040,IP-40041,CUST-30045
T3100228,160.0,19000000,W,-1,false,CARD-10046,DEV-20040,IP-40041,CUST-30045
T3100229,60.38,19333486,W,0,false,CARD-10047,DEV-20041,IP-40042,CUST-30046
T3100230,105.7,18839772,W,0,false,CARD-10047,DEV-20041,IP-40042,CUST-30046
T3100231,33.23,18346058,W,0,false,CARD-10047,DEV-20041,IP-40042,CUST-30046
T3100232,77.05,17852343,W,0,false,CARD-10047,DEV-20041,IP-40042,CUST-30046
T3100233,92.39,17358629,W,0,false,CARD-10047,DEV-20041,IP-40042,CUST-30046
T3100234,154.48,16864915,W,0,false,CARD-10047,DEV-20041,IP-40042,CUST-30046
T3100235,9541.8,19928000,P2P,-1,false,CARD-10047,DEV-20041,IP-40042,CUST-30046
T3100236,9600.85,19938800,P2P,-1,false,CARD-10047,DEV-20041,IP-40042,CUST-30046
T3100237,9426.72,19949600,P2P,-1,false,CARD-10047,DEV-20041,IP-40042,CUST-30046
T3100238,9765.06,19960400,P2P,-1,false,CARD-10047,DEV-20041,IP-40042,CUST-30046
T3100239,9766.11,19971200,P2P,-1,false,CARD-10047,DEV-20041,IP-40042,CUST-30046
T3100240,9662.6,19982000,P2P,-1,false,CARD-10047,DEV-20041,IP-40042,CUST-30046
T3100241,9650.0,20000000,P2P,-1,false,CARD-10047,DEV-20041,IP-40042,CUST-30046
T3100242,437.18,20827200,W,-1,false,CARD-10048,DEV-20042,IP-40043,CUST-30047
T3100243,695.61,20568000,W,-1,false,CARD-10049,DEV-20042,IP-40043,CUST-30048
T3100244,836.32,20481600,W,-1,false,CARD-10050,DEV-20042,IP-40044,CUST-30049
T3100245,1400.0,21000000,W,-1,false,CARD-10051,DEV-20042,IP-40043,CUST-30050
T3100246,121.51,21572250,W,0,false,CARD-10052,DEV-20043,IP-40045,CUST-30051
T3100247,74.93,21317299,W,0,false,CARD-10052,DEV-20043,IP-40045,CUST-30051
T3100248,144.31,21062348,W,0,false,CARD-10052,DEV-20043,IP-40045,CUST-30051
T3100249,80.51,20807397,W,0,false,CARD-10052,DEV-20043,IP-40045,CUST-30051
T3100250,117.2,20552446,W,0,false,CARD-10052,DEV-20043,IP-40045,CUST-30051
T3100251,91.75,20297496,W,0,false,CARD-10052,DEV-20043,IP-40045,CUST-30051
T3100252,148.55,20042545,W,0,false,CARD-10052,DEV-20043,IP-40045,CUST-30051
T3100253,104.19,19787594,W,0,false,CARD-10052,DEV-20043,IP-40045,CUST-30051
T3100254,82.06,19532643,W,0,false,CARD-10052,DEV-20043,IP-40045,CUST-30051
T3100255,99.34,19277692,W,0,false,CARD-10052,DEV-20043,IP-40045,CUST-30051
T3100256,97.67,19022741,W,0,false,CARD-10052,DEV-20043,IP-40045,CUST-30051
T3100257,167.97,18767791,W,0,false,CARD-10052,DEV-20043,IP-40045,CUST-30051
T3100258,138.83,18512840,W,0,false,CARD-10052,DEV-20043,IP-40045,CUST-30051
T3100259,116.0,18257889,W,0,false,CARD-10052,DEV-20043,IP-40045,CUST-30051
T3100260,133.58,18002938,W,0,false,CARD-10052,DEV-20043,IP-40045,CUST-30051
T3100261,167.98,17747987,W,0,false,CARD-10052,DEV-20043,IP-40045,CUST-30051
T3100262,121.37,17493037,W,0,false,CARD-10052,DEV-20043,IP-40045,CUST-30051
T3100263,101.88,17238086,W,0,false,CARD-10052,DEV-20043,IP-40045,CUST-30051
T3100264,143.84,16983135,W,0,false,CARD-10052,DEV-20043,IP-40045,CUST-30051
T3100265,90.67,16728184,W,0,false,CARD-10052,DEV-20043,IP-40045,CUST-30051
T3100266,161.11,16473233,W,0,false,CARD-10052,DEV-20043,IP-40045,CUST-30051
T3100267,68.6,16218282,W,0,false,CARD-10052,DEV-20043,IP-40045,CUST-30051
T3100268,96.2,15963332,W,0,false,CARD-10052,DEV-20043,IP-40045,CUST-30051
T3100269,91.64,15708381,W,0,false,CARD-10052,DEV-20043,IP-40045,CUST-30051
T3100270,110.89,15453430,W,0,false,CARD-10052,DEV-20043,IP-40045,CUST-30051
T3100271,116.34,15198479,W,0,false,CARD-10052,DEV-20043,IP-40045,CUST-30051
T3100272,99.13,14943528,W,0,false,CARD-10052,DEV-20043,IP-40045,CUST-30051
T3100273,104.81,14688578,W,0,false,CARD-10052,DEV-20043,IP-40045,CUST-30051
T3100274,118.6,14433627,W,0,false,CARD-10052,DEV-20043,IP-40045,CUST-30051
T3100275,108.52,14178676,W,0,false,CARD-10052,DEV-20043,IP-40045,CUST-30051
T3100276,115.66,13923725,W,0,false,CARD-10052,DEV-20043,IP-40045,CUST-30051
T3100277,97.21,13668774,W,0,false,CARD-10052,DEV-20043,IP-40045,CUST-30051
T3100278,73.5,13413823,W,0,false,CARD-10052,DEV-20043,IP-40045,CUST-30051
T3100279,138.88,13158873,W,0,false,CARD-10052,DEV-20043,IP-40045,CUST-30051
T3100280,109.25,12903922,W,0,false,CARD-10052,DEV-20043,IP-40045,CUST-30051
T3100281,117.01,12648971,W,0,false,CARD-10052,DEV-20043,IP-40045,CUST-30051
T3100282,102.8,12394020,W,0,false,CARD-10052,DEV-20043,IP-40045,CUST-30051
T3100283,165.14,12139069,W,0,false,CARD-10052,DEV-20043,IP-40045,CUST-30051
T3100284,122.86,11884119,W,0,false,CARD-10052,DEV-20043,IP-40045,CUST-30051
T3100285,98.07,11629168,W,0,false,CARD-10052,DEV-20043,IP-40045,CUST-30051
T3100286,119.93,11374217,W,0,false,CARD-10052,DEV-20043,IP-40045,CUST-30051
T3100287,141.63,11119266,W,0,false,CARD-10052,DEV-20043,IP-40045,CUST-30051
T3100288,72.39,10864315,W,0,false,CARD-10052,DEV-20043,IP-40045,CUST-30051
T3100289,111.04,10609364,W,0,false,CARD-10052,DEV-20043,IP-40045,CUST-30051
T3100290,148.98,10354414,W,0,false,CARD-10052,DEV-20043,IP-40045,CUST-30051
T3100291,81.73,10099463,W,0,false,CARD-10052,DEV-20043,IP-40045,CUST-30051
T3100292,96.52,9844512,W,0,false,CARD-10052,DEV-20043,IP-40045,CUST-30051
T3100293,111.65,9589561,W,0,false,CARD-10052,DEV-20043,IP-40045,CUST-30051
T3100294,131.79,9334610,W,0,false,CARD-10052,DEV-20043,IP-40045,CUST-30051
T3100295,120.29,9079660,W,0,false,CARD-10052,DEV-20043,IP-40045,CUST-30051
T3100296,143.31,8824709,W,0,false,CARD-10052,DEV-20043,IP-40045,CUST-30051
T3100297,111.53,8569758,W,0,false,CARD-10052,DEV-20043,IP-40045,CUST-30051
T3100298,95.24,8314807,W,0,false,CARD-10052,DEV-20043,IP-40045,CUST-30051
T3100299,95.22,8059856,W,0,false,CARD-10052,DEV-20043,IP-40045,CUST-30051
T3100300,89.69,7804905,W,0,false,CARD-10052,DEV-20043,IP-40045,CUST-30051
T3100301,91.89,7549955,W,0,false,CARD-10052,DEV-20043,IP-40045,CUST-30051
T3100302,121.12,7295004,W,0,false,CARD-10052,DEV-20043,IP-40045,CUST-30051
T3100303,164.8,7040053,W,0,false,CARD-10052,DEV-20043,IP-40045,CUST-30051
T3100304,107.13,6785102,W,0,false,CARD-10052,DEV-20043,IP-40045,CUST-30051
T3100305,122.04,6530151,W,0,false,CARD-10052,DEV-20043,IP-40045,CUST-30051
T3100306,230.0,22000000,W,-1,false,CARD-10052,DEV-20043,IP-40045,CUST-30051
T3100307,94.7,22325523,W,0,true,CARD-10053,DEV-20044,IP-40046,CUST-30052
T3100308,159.71,21823846,W,0,true,CARD-10053,DEV-20044,IP-40046,CUST-30052
T3100309,128.6,21322168,W,0,true,CARD-10053,DEV-20044,IP-40046,CUST-30052
T3100310,115.63,20820491,W,0,false,CARD-10053,DEV-20044,IP-40046,CUST-30052
T3100311,90.28,20318813,W,0,false,CARD-10053,DEV-20044,IP-40046,CUST-30052
T3100312,72.29,19817136,W,0,false,CARD-10053,DEV-20044,IP-40046,CUST-30052
T3100313,148.11,19315459,W,0,false,CARD-10053,DEV-20044,IP-40046,CUST-30052
T3100314,91.36,18813781,W,0,false,CARD-10053,DEV-20044,IP-40046,CUST-30052
T3100315,140.96,18312104,W,0,false,CARD-10053,DEV-20044,IP-40046,CUST-30052
T3100316,137.94,17810426,W,0,false,CARD-10053,DEV-20044,IP-40046,CUST-30052
T3100317,172.94,17308749,W,0,false,CARD-10053,DEV-20044,IP-40046,CUST-30052
T3100318,123.79,16807071,W,0,false,CARD-10053,DEV-20044,IP-40046,CUST-30052
T3100319,110.01,16305394,W,0,false,CARD-10053,DEV-20044,IP-40046,CUST-30052
T3100320,138.78,15803717,W,0,false,CARD-10053,DEV-20044,IP-40046,CUST-30052
T3100321,125.22,15302039,W,0,false,CARD-10053,DEV-20044,IP-40046,CUST-30052
T3100322,126.89,14800362,W,0,false,CARD-10053,DEV-20044,IP-40046,CUST-30052
T3100323,128.71,14298684,W,0,false,CARD-10053,DEV-20044,IP-40046,CUST-30052
T3100324,130.99,13797007,W,0,false,CARD-10053,DEV-20044,IP-40046,CUST-30052
T3100325,123.49,13295330,W,0,false,CARD-10053,DEV-20044,IP-40046,CUST-30052
T3100326,147.62,12793652,W,0,false,CARD-10053,DEV-20044,IP-40046,CUST-30052
T3100327,131.35,12291975,W,0,false,CARD-10053,DEV-20044,IP-40046,CUST-30052
T3100328,107.41,11790297,W,0,false,CARD-10053,DEV-20044,IP-40046,CUST-30052
T3100329,123.7,11288620,W,0,false,CARD-10053,DEV-20044,IP-40046,CUST-30052
T3100330,142.38,10786942,W,0,false,CARD-10053,DEV-20044,IP-40046,CUST-30052
T3100331,127.07,10285265,W,0,false,CARD-10053,DEV-20044,IP-40046,CUST-30052
T3100332,175.97,9783588,W,0,false,CARD-10053,DEV-20044,IP-40046,CUST-30052
T3100333,89.59,9281910,W,0,false,CARD-10053,DEV-20044,IP-40046,CUST-30052
T3100334,132.27,8780233,W,0,false,CARD-10053,DEV-20044,IP-40046,CUST-30052
T3100335,85.06,8278555,W,0,false,CARD-10053,DEV-20044,IP-40046,CUST-30052
T3100336,174.15,7776878,W,0,false,CARD-10053,DEV-20044,IP-40046,CUST-30052
T3100337,380.0,23000000,W,-1,false,CARD-10053,DEV-20044,IP-40046,CUST-30052
T3100338,161.97,23447883,W,0,false,CARD-10054,DEV-20045,IP-40047,CUST-30053
T3100339,181.43,23068566,W,0,false,CARD-10054,DEV-20045,IP-40047,CUST-30053
T3100340,79.96,22689249,W,0,false,CARD-10054,DEV-20045,IP-40047,CUST-30053
T3100341,165.72,22309932,W,0,false,CARD-10054,DEV-20045,IP-40047,CUST-30053
T3100342,217.92,21930615,W,0,false,CARD-10054,DEV-20045,IP-40047,CUST-30053
T3100343,142.67,21551298,W,0,false,CARD-10054,DEV-20045,IP-40047,CUST-30053
T3100344,212.84,21171981,W,0,false,CARD-10054,DEV-20045,IP-40047,CUST-30053
T3100345,105.43,20792664,W,0,false,CARD-10054,DEV-20045,IP-40047,CUST-30053
T3100346,184.33,20413347,W,0,false,CARD-10054,DEV-20045,IP-40047,CUST-30053
T3100347,198.83,20034030,W,0,false,CARD-10054,DEV-20045,IP-40047,CUST-30053
T3100348,197.23,19654713,W,0,false,CARD-10054,DEV-20045,IP-40047,CUST-30053
T3100349,237.03,19275396,W,0,false,CARD-10054,DEV-20045,IP-40047,CUST-30053
T3100350,167.71,18896079,W,0,false,CARD-10054,DEV-20045,IP-40047,CUST-30053
T3100351,156.36,18516761,W,0,false,CARD-10054,DEV-20045,IP-40047,CUST-30053
T3100352,178.71,18137444,W,0,false,CARD-10054,DEV-20045,IP-40047,CUST-30053
T3100353,121.5,17758127,W,0,false,CARD-10054,DEV-20045,IP-40047,CUST-30053
T3100354,127.58,17378810,W,0,false,CARD-10054,DEV-20045,IP-40047,CUST-30053
T3100355,192.13,16999493,W,0,false,CARD-10054,DEV-20045,IP-40047,CUST-30053
T3100356,220.22,16620176,W,0,false,CARD-10054,DEV-20045,IP-40047,CUST-30053
T3100357,225.26,16240859,W,0,false,CARD-10054,DEV-20045,IP-40047,CUST-30053
T3100358,204.11,15861542,W,0,false,CARD-10054,DEV-20045,IP-40047,CUST-30053
T3100359,175.49,15482225,W,0,false,CARD-10054,DEV-20045,IP-40047,CUST-30053
T3100360,162.13,15102908,W,0,false,CARD-10054,DEV-20045,IP-40047,CUST-30053
T3100361,133.58,14723591,W,0,false,CARD-10054,DEV-20045,IP-40047,CUST-30053
T3100362,188.07,14344274,W,0,false,CARD-10054,DEV-20045,IP-40047,CUST-30053
T3100363,133.06,13964957,W,0,false,CARD-10054,DEV-20045,IP-40047,CUST-30053
T3100364,191.5,13585640,W,0,false,CARD-10054,DEV-20045,IP-40047,CUST-30053
T3100365,131.88,13206322,W,0,false,CARD-10054,DEV-20045,IP-40047,CUST-30053
T3100366,169.03,12827005,W,0,false,CARD-10054,DEV-20045,IP-40047,CUST-30053
T3100367,213.8,12447688,W,0,false,CARD-10054,DEV-20045,IP-40047,CUST-30053
T3100368,98.03,12068371,W,0,false,CARD-10054,DEV-20045,IP-40047,CUST-30053
T3100369,229.31,11689054,W,0,false,CARD-10054,DEV-20045,IP-40047,CUST-30053
T3100370,154.14,11309737,W,0,false,CARD-10054,DEV-20045,IP-40047,CUST-30053
T3100371,221.33,10930420,W,0,false,CARD-10054,DEV-20045,IP-40047,CUST-30053
T3100372,177.0,10551103,W,0,false,CARD-10054,DEV-20045,IP-40047,CUST-30053
T3100373,209.16,10171786,W,0,false,CARD-10054,DEV-20045,IP-40047,CUST-30053
T3100374,192.97,9792469,W,0,false,CARD-10054,DEV-20045,IP-40047,CUST-30053
T3100375,160.18,9413152,W,0,false,CARD-10054,DEV-20045,IP-40047,CUST-30053
T3100376,114.05,9033835,W,0,false,CARD-10054,DEV-20045,IP-40047,CUST-30053
T3100377,160.5,8654518,W,0,false,CARD-10054,DEV-20045,IP-40047,CUST-30053
T3100378,25.0,23998800,H,-1,false,CARD-10054,DEV-20045,IP-40047,CUST-30053
T3100379,25.0,23998940,H,-1,false,CARD-10054,DEV-20045,IP-40047,CUST-30053
T3100380,25.0,23999080,H,-1,false,CARD-10054,DEV-20045,IP-40047,CUST-30053
T3100381,25.0,23999220,H,-1,false,CARD-10054,DEV-20045,IP-40047,CUST-30053
T3100382,25.0,23999360,H,-1,false,CARD-10054,DEV-20045,IP-40047,CUST-30053
T3100383,25.0,23999500,H,-1,false,CARD-10054,DEV-20045,IP-40047,CUST-30053
T3100384,25.0,23999640,H,-1,false,CARD-10054,DEV-20045,IP-40047,CUST-30053
T3100385,25.0,23999780,H,-1,false,CARD-10054,DEV-20045,IP-40047,CUST-30053
T3100386,25.0,24000000,H,-1,false,CARD-10054,DEV-20045,IP-40047,CUST-30053
T3100387,467.16,24998018,W,1,true,CARD-10055,DEV-20046,IP-40048,CUST-30054
T3100388,271.26,24996715,W,1,true,CARD-10056,DEV-20047,IP-40048,CUST-30055
T3100389,616.98,24997612,W,1,true,CARD-10057,DEV-20048,IP-40048,CUST-30056
T3100390,698.34,24997343,W,1,true,CARD-10058,DEV-20049,IP-40048,CUST-30057
T3100391,438.78,24996719,W,-1,false,CARD-10059,DEV-20050,IP-40048,CUST-30058
T3100392,207.19,24997577,W,-1,false,CARD-10060,DEV-20051,IP-40048,CUST-30059
T3100393,573.28,24999093,W,-1,false,CARD-10061,DEV-20052,IP-40048,CUST-30060
T3100394,699.27,24999596,W,-1,false,CARD-10062,DEV-20053,IP-40048,CUST-30061
T3100395,640.0,25000000,W,-1,false,CARD-10063,DEV-20054,IP-40048,CUST-30062
T3100396,890.0,26000000,W,-1,false,CARD-10064,DEV-20055,IP-40049,CUST-30063
T3100397,104.96,26395200,W,0,false,CARD-10065,DEV-20056,IP-40050,CUST-30064
T3100398,107.81,25963200,W,0,false,CARD-10065,DEV-20056,IP-40050,CUST-30064
T3100399,112.96,25531200,W,0,false,CARD-10065,DEV-20056,IP-40050,CUST-30064
T3100400,98.4,25099200,W,0,false,CARD-10065,DEV-20056,IP-40050,CUST-30064
T3100401,112.3,24667200,W,0,false,CARD-10065,DEV-20056,IP-40050,CUST-30064
T3100402,71.34,24235200,W,0,false,CARD-10065,DEV-20056,IP-40050,CUST-30064
T3100403,99.36,23803200,W,0,false,CARD-10065,DEV-20056,IP-40050,CUST-30064
T3100404,107.97,23371200,W,0,false,CARD-10065,DEV-20056,IP-40050,CUST-30064
T3100405,74.32,22939200,W,0,false,CARD-10065,DEV-20056,IP-40050,CUST-30064
T3100406,107.15,22507200,W,0,false,CARD-10065,DEV-20056,IP-40050,CUST-30064
T3100407,118.71,22075200,W,0,false,CARD-10065,DEV-20056,IP-40050,CUST-30064
T3100408,81.99,21643200,W,0,false,CARD-10065,DEV-20056,IP-40050,CUST-30064
T3100409,141.22,21211200,W,0,false,CARD-10065,DEV-20056,IP-40050,CUST-30064
T3100410,57.44,20779200,W,0,false,CARD-10065,DEV-20056,IP-40050,CUST-30064
T3100411,72.65,20347200,W,0,false,CARD-10065,DEV-20056,IP-40050,CUST-30064
T3100412,97.25,19915200,W,0,false,CARD-10065,DEV-20056,IP-40050,CUST-30064
T3100413,111.45,19483200,W,0,false,CARD-10065,DEV-20056,IP-40050,CUST-30064
T3100414,123.3,19051200,W,0,false,CARD-10065,DEV-20056,IP-40050,CUST-30064
T3100415,117.73,18619200,W,0,false,CARD-10065,DEV-20056,IP-40050,CUST-30064
T3100416,74.75,18187200,W,0,false,CARD-10065,DEV-20056,IP-40050,CUST-30064
T3100417,118.77,17755200,W,0,false,CARD-10065,DEV-20056,IP-40050,CUST-30064
T3100418,119.11,17323200,W,0,false,CARD-10065,DEV-20056,IP-40050,CUST-30064
T3100419,78.63,16891200,W,0,false,CARD-10065,DEV-20056,IP-40050,CUST-30064
T3100420,90.49,16459200,W,0,false,CARD-10065,DEV-20056,IP-40050,CUST-30064
T3100421,83.78,16027200,W,0,false,CARD-10065,DEV-20056,IP-40050,CUST-30064
T3100422,12.03,15595200,W,0,false,CARD-10065,DEV-20056,IP-40050,CUST-30064
T3100423,127.99,15163200,W,0,false,CARD-10065,DEV-20056,IP-40050,CUST-30064
T3100424,46.34,14731200,W,0,false,CARD-10065,DEV-20056,IP-40050,CUST-30064
T3100425,137.36,14299200,W,0,false,CARD-10065,DEV-20056,IP-40050,CUST-30064
T3100426,64.66,13867200,W,0,false,CARD-10065,DEV-20056,IP-40050,CUST-30064
T3100427,78.06,13435200,W,0,false,CARD-10065,DEV-20056,IP-40050,CUST-30064
T3100428,93.82,13003200,W,0,false,CARD-10065,DEV-20056,IP-40050,CUST-30064
T3100429,72.35,12571200,W,0,false,CARD-10065,DEV-20056,IP-40050,CUST-30064
T3100430,94.53,12139200,W,0,false,CARD-10065,DEV-20056,IP-40050,CUST-30064
T3100431,112.09,11707200,W,0,false,CARD-10065,DEV-20056,IP-40050,CUST-30064
T3100432,60.0,26997600,W,-1,false,CARD-10065,DEV-20056,IP-40050,CUST-30064
T3100433,1250.0,27000000,W,-1,false,CARD-10065,DEV-20057,IP-40051,CUST-30064
T3100434,322.06,27993456,W,-1,false,CARD-10066,DEV-20058,IP-40052,CUST-30065
T3100435,246.11,27998945,W,-1,false,CARD-10067,DEV-20058,IP-40052,CUST-30066
T3100436,150.35,27996694,W,-1,false,CARD-10068,DEV-20058,IP-40052,CUST-30067
T3100437,312.12,27998829,W,-1,false,CARD-10069,DEV-20058,IP-40052,CUST-30068
T3100438,520.0,28000000,W,-1,false,CARD-10070,DEV-20058,IP-40052,CUST-30069
T3100439,100.45,28489114,W,0,false,CARD-10071,DEV-20059,IP-40053,CUST-30070
T3100440,106.65,28151027,W,0,false,CARD-10071,DEV-20059,IP-40053,CUST-30070
T3100441,39.13,27812940,W,0,false,CARD-10071,DEV-20059,IP-40053,CUST-30070
T3100442,128.9,27474853,W,0,false,CARD-10071,DEV-20059,IP-40053,CUST-30070
T3100443,79.8,27136766,W,0,false,CARD-10071,DEV-20059,IP-40053,CUST-30070
T3100444,80.56,26798679,W,0,false,CARD-10071,DEV-20059,IP-40053,CUST-30070
T3100445,81.07,26460592,W,0,false,CARD-10071,DEV-20059,IP-40053,CUST-30070
T3100446,98.46,26122505,W,0,false,CARD-10071,DEV-20059,IP-40053,CUST-30070
T3100447,89.84,25784418,W,0,false,CARD-10071,DEV-20059,IP-40053,CUST-30070
T3100448,68.33,25446331,W,0,false,CARD-10071,DEV-20059,IP-40053,CUST-30070
T3100449,139.69,25108244,W,0,false,CARD-10071,DEV-20059,IP-40053,CUST-30070
T3100450,129.84,24770157,W,0,false,CARD-10071,DEV-20059,IP-40053,CUST-30070
T3100451,100.54,24432070,W,0,false,CARD-10071,DEV-20059,IP-40053,CUST-30070
T3100452,59.87,24093983,W,0,false,CARD-10071,DEV-20059,IP-40053,CUST-30070
T3100453,100.56,23755896,W,0,false,CARD-10071,DEV-20059,IP-40053,CUST-30070
T3100454,152.12,23417809,W,0,false,CARD-10071,DEV-20059,IP-40053,CUST-30070
T3100455,84.72,23079722,W,0,false,CARD-10071,DEV-20059,IP-40053,CUST-30070
T3100456,116.41,22741635,W,0,false,CARD-10071,DEV-20059,IP-40053,CUST-30070
T3100457,103.11,22403548,W,0,false,CARD-10071,DEV-20059,IP-40053,CUST-30070
T3100458,81.49,22065461,W,0,false,CARD-10071,DEV-20059,IP-40053,CUST-30070
T3100459,107.36,21727374,W,0,false,CARD-10071,DEV-20059,IP-40053,CUST-30070
T3100460,95.98,21389287,W,0,false,CARD-10071,DEV-20059,IP-40053,CUST-30070
T3100461,93.85,21051200,W,0,false,CARD-10071,DEV-20059,IP-40053,CUST-30070
T3100462,135.02,20713114,W,0,false,CARD-10071,DEV-20059,IP-40053,CUST-30070
T3100463,83.81,20375027,W,0,false,CARD-10071,DEV-20059,IP-40053,CUST-30070
T3100464,120.59,20036940,W,0,false,CARD-10071,DEV-20059,IP-40053,CUST-30070
T3100465,166.12,19698853,W,0,false,CARD-10071,DEV-20059,IP-40053,CUST-30070
T3100466,114.35,19360766,W,0,false,CARD-10071,DEV-20059,IP-40053,CUST-30070
T3100467,115.92,19022679,W,0,false,CARD-10071,DEV-20059,IP-40053,CUST-30070
T3100468,52.27,18684592,W,0,false,CARD-10071,DEV-20059,IP-40053,CUST-30070
T3100469,114.85,18346505,W,0,false,CARD-10071,DEV-20059,IP-40053,CUST-30070
T3100470,129.67,18008418,W,0,false,CARD-10071,DEV-20059,IP-40053,CUST-30070
T3100471,88.32,17670331,W,0,false,CARD-10071,DEV-20059,IP-40053,CUST-30070
T3100472,103.19,17332244,W,0,false,CARD-10071,DEV-20059,IP-40053,CUST-30070
T3100473,108.43,16994157,W,0,false,CARD-10071,DEV-20059,IP-40053,CUST-30070
T3100474,129.09,16656070,W,0,false,CARD-10071,DEV-20059,IP-40053,CUST-30070
T3100475,108.73,16317983,W,0,false,CARD-10071,DEV-20059,IP-40053,CUST-30070
T3100476,103.7,15979896,W,0,false,CARD-10071,DEV-20059,IP-40053,CUST-30070
T3100477,93.14,15641809,W,0,false,CARD-10071,DEV-20059,IP-40053,CUST-30070
T3100478,59.11,15303722,W,0,false,CARD-10071,DEV-20059,IP-40053,CUST-30070
T3100479,134.34,14965635,W,0,false,CARD-10071,DEV-20059,IP-40053,CUST-30070
T3100480,61.24,14627548,W,0,false,CARD-10071,DEV-20059,IP-40053,CUST-30070
T3100481,112.45,14289461,W,0,false,CARD-10071,DEV-20059,IP-40053,CUST-30070
T3100482,112.09,13951374,W,0,false,CARD-10071,DEV-20059,IP-40053,CUST-30070
T3100483,130.32,13613287,W,0,false,CARD-10071,DEV-20059,IP-40053,CUST-30070
T3100484,500.0,29000000,W,-1,false,CARD-10071,DEV-20060,IP-40054,CUST-30070
T3100485,109.86,29447883,W,0,false,CARD-10072,DEV-20061,IP-40055,CUST-30071
T3100486,41.08,29068566,W,0,false,CARD-10072,DEV-20061,IP-40055,CUST-30071
T3100487,41.46,28689249,W,0,false,CARD-10072,DEV-20061,IP-40055,CUST-30071
T3100488,70.01,28309932,W,0,false,CARD-10072,DEV-20061,IP-40055,CUST-30071
T3100489,68.09,27930615,W,0,false,CARD-10072,DEV-20061,IP-40055,CUST-30071
T3100490,61.48,27551298,W,0,false,CARD-10072,DEV-20061,IP-40055,CUST-30071
T3100491,45.34,27171981,W,0,false,CARD-10072,DEV-20061,IP-40055,CUST-30071
T3100492,56.38,26792664,W,0,false,CARD-10072,DEV-20061,IP-40055,CUST-30071
T3100493,35.53,26413347,W,0,false,CARD-10072,DEV-20061,IP-40055,CUST-30071
T3100494,80.46,26034030,W,0,false,CARD-10072,DEV-20061,IP-40055,CUST-30071
T3100495,79.39,25654713,W,0,false,CARD-10072,DEV-20061,IP-40055,CUST-30071
T3100496,50.48,25275396,W,0,false,CARD-10072,DEV-20061,IP-40055,CUST-30071
T3100497,73.72,24896079,W,0,false,CARD-10072,DEV-20061,IP-40055,CUST-30071
T3100498,37.99,24516761,W,0,false,CARD-10072,DEV-20061,IP-40055,CUST-30071
T3100499,88.05,24137444,W,0,false,CARD-10072,DEV-20061,IP-40055,CUST-30071
T3100500,38.34,23758127,W,0,false,CARD-10072,DEV-20061,IP-40055,CUST-30071
T3100501,48.62,23378810,W,0,false,CARD-10072,DEV-20061,IP-40055,CUST-30071
T3100502,74.99,22999493,W,0,false,CARD-10072,DEV-20061,IP-40055,CUST-30071
T3100503,74.57,22620176,W,0,false,CARD-10072,DEV-20061,IP-40055,CUST-30071
T3100504,45.17,22240859,W,0,false,CARD-10072,DEV-20061,IP-40055,CUST-30071
T3100505,70.56,21861542,W,0,false,CARD-10072,DEV-20061,IP-40055,CUST-30071
T3100506,87.81,21482225,W,0,false,CARD-10072,DEV-20061,IP-40055,CUST-30071
T3100507,89.71,21102908,W,0,false,CARD-10072,DEV-20061,IP-40055,CUST-30071
T3100508,64.1,20723591,W,0,false,CARD-10072,DEV-20061,IP-40055,CUST-30071
T3100509,85.78,20344274,W,0,false,CARD-10072,DEV-20061,IP-40055,CUST-30071
T3100510,84.55,19964957,W,0,false,CARD-10072,DEV-20061,IP-40055,CUST-30071
T3100511,71.03,19585640,W,0,false,CARD-10072,DEV-20061,IP-40055,CUST-30071
T3100512,94.89,19206322,W,0,false,CARD-10072,DEV-20061,IP-40055,CUST-30071
T3100513,61.32,18827005,W,0,false,CARD-10072,DEV-20061,IP-40055,CUST-30071
T3100514,70.26,18447688,W,0,false,CARD-10072,DEV-20061,IP-40055,CUST-30071
T3100515,57.42,18068371,W,0,false,CARD-10072,DEV-20061,IP-40055,CUST-30071
T3100516,66.68,17689054,W,0,false,CARD-10072,DEV-20061,IP-40055,CUST-30071
T3100517,75.53,17309737,W,0,false,CARD-10072,DEV-20061,IP-40055,CUST-30071
T3100518,75.56,16930420,W,0,false,CARD-10072,DEV-20061,IP-40055,CUST-30071
T3100519,110.27,16551103,W,0,false,CARD-10072,DEV-20061,IP-40055,CUST-30071
T3100520,59.21,16171786,W,0,false,CARD-10072,DEV-20061,IP-40055,CUST-30071
T3100521,94.01,15792469,W,0,false,CARD-10072,DEV-20061,IP-40055,CUST-30071
T3100522,75.65,15413152,W,0,false,CARD-10072,DEV-20061,IP-40055,CUST-30071
T3100523,86.71,15033835,W,0,false,CARD-10072,DEV-20061,IP-40055,CUST-30071
T3100524,81.42,14654518,W,0,false,CARD-10072,DEV-20061,IP-40055,CUST-30071
T3100525,95.0,30000000,W,-1,false,CARD-10072,DEV-20061,IP-40056,CUST-30071
T3100526,1320.0,31000000,W,-1,false,CARD-10073,DEV-20034,IP-40034,CUST-30072
T3100527,156.06,31229047,W,0,true,CARD-10074,DEV-20062,IP-40057,CUST-30073
T3100528,165.53,30630893,W,0,true,CARD-10074,DEV-20062,IP-40057,CUST-30073
T3100529,138.08,30032739,W,0,false,CARD-10074,DEV-20062,IP-40057,CUST-30073
T3100530,178.81,29434585,W,0,false,CARD-10074,DEV-20062,IP-40057,CUST-30073
T3100531,159.09,28836431,W,0,false,CARD-10074,DEV-20062,IP-40057,CUST-30073
T3100532,48.12,28238277,W,0,false,CARD-10074,DEV-20062,IP-40057,CUST-30073
T3100533,180.67,27640124,W,0,false,CARD-10074,DEV-20062,IP-40057,CUST-30073
T3100534,151.84,27041970,W,0,false,CARD-10074,DEV-20062,IP-40057,CUST-30073
T3100535,75.36,26443816,W,0,false,CARD-10074,DEV-20062,IP-40057,CUST-30073
T3100536,160.52,25845662,W,0,false,CARD-10074,DEV-20062,IP-40057,CUST-30073
T3100537,114.08,25247508,W,0,false,CARD-10074,DEV-20062,IP-40057,CUST-30073
T3100538,111.8,24649354,W,0,false,CARD-10074,DEV-20062,IP-40057,CUST-30073
T3100539,124.3,24051200,W,0,false,CARD-10074,DEV-20062,IP-40057,CUST-30073
T3100540,136.17,23453047,W,0,false,CARD-10074,DEV-20062,IP-40057,CUST-30073
T3100541,144.99,22854893,W,0,false,CARD-10074,DEV-20062,IP-40057,CUST-30073
T3100542,108.35,22256739,W,0,false,CARD-10074,DEV-20062,IP-40057,CUST-30073
T3100543,246.0,21658585,W,0,false,CARD-10074,DEV-20062,IP-40057,CUST-30073
T3100544,198.53,21060431,W,0,false,CARD-10074,DEV-20062,IP-40057,CUST-30073
T3100545,131.4,20462277,W,0,false,CARD-10074,DEV-20062,IP-40057,CUST-30073
T3100546,128.25,19864124,W,0,false,CARD-10074,DEV-20062,IP-40057,CUST-30073
T3100547,205.02,19265970,W,0,false,CARD-10074,DEV-20062,IP-40057,CUST-30073
T3100548,211.38,18667816,W,0,false,CARD-10074,DEV-20062,IP-40057,CUST-30073
T3100549,179.87,18069662,W,0,false,CARD-10074,DEV-20062,IP-40057,CUST-30073
T3100550,177.21,17471508,W,0,false,CARD-10074,DEV-20062,IP-40057,CUST-30073
T3100551,140.94,16873354,W,0,false,CARD-10074,DEV-20062,IP-40057,CUST-30073
T3100552,520.0,32000000,W,-1,false,CARD-10074,DEV-20062,IP-40057,CUST-30073
T3100553,63.31,4117715,W,0,false,CARD-10075,DEV-20063,IP-40058,CUST-30074
T3100554,44.57,2883429,W,0,false,CARD-10075,DEV-20063,IP-40058,CUST-30074
T3100555,73.46,1649143,W,0,false,CARD-10075,DEV-20063,IP-40058,CUST-30074
T3100556,55.12,414858,W,0,false,CARD-10075,DEV-20063,IP-40058,CUST-30074
T3100557,69.07,-819428,W,0,false,CARD-10075,DEV-20063,IP-40058,CUST-30074
T3100558,58.78,-2053714,W,0,false,CARD-10075,DEV-20063,IP-40058,CUST-30074
T3100559,41.49,-3288000,W,0,false,CARD-10075,DEV-20063,IP-40058,CUST-30074
T3100560,65.17,-4522285,W,0,false,CARD-10075,DEV-20063,IP-40058,CUST-30074
T3100561,76.11,-5756571,W,0,false,CARD-10075,DEV-20063,IP-40058,CUST-30074
T3100562,98.58,-6990857,W,0,false,CARD-10075,DEV-20063,IP-40058,CUST-30074
T3100563,90.89,-8225142,W,0,false,CARD-10075,DEV-20063,IP-40058,CUST-30074
T3100564,88.02,-9459428,W,0,false,CARD-10075,DEV-20063,IP-40058,CUST-30074
T3100565,77.91,-10693714,W,0,false,CARD-10075,DEV-20063,IP-40058,CUST-30074
T3100566,40.76,-11928000,W,0,false,CARD-10075,DEV-20063,IP-40058,CUST-30074
T3100567,65.4,-13162285,W,0,false,CARD-10075,DEV-20063,IP-40058,CUST-30074
T3100568,61.37,-14396571,W,0,false,CARD-10075,DEV-20063,IP-40058,CUST-30074
T3100569,52.62,-15630857,W,0,false,CARD-10075,DEV-20063,IP-40058,CUST-30074
T3100570,85.27,-16865142,W,0,false,CARD-10075,DEV-20063,IP-40058,CUST-30074
T3100571,106.18,-18099428,W,0,false,CARD-10075,DEV-20063,IP-40058,CUST-30074
T3100572,43.39,-19333714,W,0,false,CARD-10075,DEV-20063,IP-40058,CUST-30074
T3100573,300.0,33000000,W,-1,false,CARD-10075,DEV-20064,IP-40059,CUST-30074
T3100574,438.68,33635200,W,0,false,CARD-10076,DEV-20065,IP-40060,CUST-30075
T3100575,568.98,33443200,W,0,false,CARD-10076,DEV-20065,IP-40060,CUST-30075
T3100576,124.25,33251200,W,0,false,CARD-10076,DEV-20065,IP-40060,CUST-30075
T3100577,496.24,33059200,W,0,false,CARD-10076,DEV-20065,IP-40060,CUST-30075
T3100578,471.89,32867200,W,0,false,CARD-10076,DEV-20065,IP-40060,CUST-30075
T3100579,396.53,32675200,W,0,false,CARD-10076,DEV-20065,IP-40060,CUST-30075
T3100580,421.65,32483200,W,0,false,CARD-10076,DEV-20065,IP-40060,CUST-30075
T3100581,319.28,32291200,W,0,false,CARD-10076,DEV-20065,IP-40060,CUST-30075
T3100582,341.37,32099200,W,0,false,CARD-10076,DEV-20065,IP-40060,CUST-30075
T3100583,457.63,31907200,W,0,false,CARD-10076,DEV-20065,IP-40060,CUST-30075
T3100584,407.21,31715200,W,0,false,CARD-10076,DEV-20065,IP-40060,CUST-30075
T3100585,446.34,31523200,W,0,false,CARD-10076,DEV-20065,IP-40060,CUST-30075
T3100586,341.17,31331200,W,0,false,CARD-10076,DEV-20065,IP-40060,CUST-30075
T3100587,316.0,31139200,W,0,false,CARD-10076,DEV-20065,IP-40060,CUST-30075
T3100588,443.18,30947200,W,0,false,CARD-10076,DEV-20065,IP-40060,CUST-30075
T3100589,499.48,30755200,W,0,false,CARD-10076,DEV-20065,IP-40060,CUST-30075
T3100590,453.23,30563200,W,0,false,CARD-10076,DEV-20065,IP-40060,CUST-30075
T3100591,264.5,30371200,W,0,false,CARD-10076,DEV-20065,IP-40060,CUST-30075
T3100592,212.47,30179200,W,0,false,CARD-10076,DEV-20065,IP-40060,CUST-30075
T3100593,431.13,29987200,W,0,false,CARD-10076,DEV-20065,IP-40060,CUST-30075
T3100594,264.21,29795200,W,0,false,CARD-10076,DEV-20065,IP-40060,CUST-30075
T3100595,404.99,29603200,W,0,false,CARD-10076,DEV-20065,IP-40060,CUST-30075
T3100596,445.12,29411200,W,0,false,CARD-10076,DEV-20065,IP-40060,CUST-30075
T3100597,513.85,29219200,W,0,false,CARD-10076,DEV-20065,IP-40060,CUST-30075
T3100598,305.62,29027200,W,0,false,CARD-10076,DEV-20065,IP-40060,CUST-30075
T3100599,469.54,28835200,W,0,false,CARD-10076,DEV-20065,IP-40060,CUST-30075
T3100600,207.83,28643200,W,0,false,CARD-10076,DEV-20065,IP-40060,CUST-30075
T3100601,479.76,28451200,W,0,false,CARD-10076,DEV-20065,IP-40060,CUST-30075
T3100602,466.6,28259200,W,0,false,CARD-10076,DEV-20065,IP-40060,CUST-30075
T3100603,449.66,28067200,W,0,false,CARD-10076,DEV-20065,IP-40060,CUST-30075
T3100604,478.54,27875200,W,0,false,CARD-10076,DEV-20065,IP-40060,CUST-30075
T3100605,458.84,27683200,W,0,false,CARD-10076,DEV-20065,IP-40060,CUST-30075
T3100606,456.17,27491200,W,0,false,CARD-10076,DEV-20065,IP-40060,CUST-30075
T3100607,295.18,27299200,W,0,false,CARD-10076,DEV-20065,IP-40060,CUST-30075
T3100608,380.43,27107200,W,0,false,CARD-10076,DEV-20065,IP-40060,CUST-30075
T3100609,356.77,26915200,W,0,false,CARD-10076,DEV-20065,IP-40060,CUST-30075
T3100610,399.49,26723200,W,0,false,CARD-10076,DEV-20065,IP-40060,CUST-30075
T3100611,337.74,26531200,W,0,false,CARD-10076,DEV-20065,IP-40060,CUST-30075
T3100612,327.94,26339200,W,0,false,CARD-10076,DEV-20065,IP-40060,CUST-30075
T3100613,440.2,26147200,W,0,false,CARD-10076,DEV-20065,IP-40060,CUST-30075
T3100614,294.84,25955200,W,0,false,CARD-10076,DEV-20065,IP-40060,CUST-30075
T3100615,423.53,25763200,W,0,false,CARD-10076,DEV-20065,IP-40060,CUST-30075
T3100616,224.06,25571200,W,0,false,CARD-10076,DEV-20065,IP-40060,CUST-30075
T3100617,315.83,25379200,W,0,false,CARD-10076,DEV-20065,IP-40060,CUST-30075
T3100618,348.62,25187200,W,0,false,CARD-10076,DEV-20065,IP-40060,CUST-30075
T3100619,399.62,24995200,W,0,false,CARD-10076,DEV-20065,IP-40060,CUST-30075
T3100620,476.44,24803200,W,0,false,CARD-10076,DEV-20065,IP-40060,CUST-30075
T3100621,244.6,24611200,W,0,false,CARD-10076,DEV-20065,IP-40060,CUST-30075
T3100622,467.19,24419200,W,0,false,CARD-10076,DEV-20065,IP-40060,CUST-30075
T3100623,491.97,24227200,W,0,false,CARD-10076,DEV-20065,IP-40060,CUST-30075
T3100624,601.37,24035200,W,0,false,CARD-10076,DEV-20065,IP-40060,CUST-30075
T3100625,469.88,23843200,W,0,false,CARD-10076,DEV-20065,IP-40060,CUST-30075
T3100626,328.22,23651200,W,0,false,CARD-10076,DEV-20065,IP-40060,CUST-30075
T3100627,321.15,23459200,W,0,false,CARD-10076,DEV-20065,IP-40060,CUST-30075
T3100628,557.19,23267200,W,0,false,CARD-10076,DEV-20065,IP-40060,CUST-30075
T3100629,442.91,23075200,W,0,false,CARD-10076,DEV-20065,IP-40060,CUST-30075
T3100630,594.17,22883200,W,0,false,CARD-10076,DEV-20065,IP-40060,CUST-30075
T3100631,185.12,22691200,W,0,false,CARD-10076,DEV-20065,IP-40060,CUST-30075
T3100632,319.23,22499200,W,0,false,CARD-10076,DEV-20065,IP-40060,CUST-30075
T3100633,513.31,22307200,W,0,false,CARD-10076,DEV-20065,IP-40060,CUST-30075
T3100634,348.24,22115200,W,0,false,CARD-10076,DEV-20065,IP-40060,CUST-30075
T3100635,298.45,21923200,W,0,false,CARD-10076,DEV-20065,IP-40060,CUST-30075
T3100636,569.72,21731200,W,0,false,CARD-10076,DEV-20065,IP-40060,CUST-30075
T3100637,335.29,21539200,W,0,false,CARD-10076,DEV-20065,IP-40060,CUST-30075
T3100638,341.84,21347200,W,0,false,CARD-10076,DEV-20065,IP-40060,CUST-30075
T3100639,311.48,21155200,W,0,false,CARD-10076,DEV-20065,IP-40060,CUST-30075
T3100640,411.92,20963200,W,0,false,CARD-10076,DEV-20065,IP-40060,CUST-30075
T3100641,680.67,20771200,W,0,false,CARD-10076,DEV-20065,IP-40060,CUST-30075
T3100642,399.79,20579200,W,0,false,CARD-10076,DEV-20065,IP-40060,CUST-30075
T3100643,569.2,20387200,W,0,false,CARD-10076,DEV-20065,IP-40060,CUST-30075
T3100644,169.14,20195200,W,0,false,CARD-10076,DEV-20065,IP-40060,CUST-30075
T3100645,414.14,20003200,W,0,false,CARD-10076,DEV-20065,IP-40060,CUST-30075
T3100646,275.01,19811200,W,0,false,CARD-10076,DEV-20065,IP-40060,CUST-30075
T3100647,347.98,19619200,W,0,false,CARD-10076,DEV-20065,IP-40060,CUST-30075
T3100648,393.28,19427200,W,0,false,CARD-10076,DEV-20065,IP-40060,CUST-30075
T3100649,513.46,19235200,W,0,false,CARD-10076,DEV-20065,IP-40060,CUST-30075
T3100650,352.17,19043200,W,0,false,CARD-10076,DEV-20065,IP-40060,CUST-30075
T3100651,261.98,18851200,W,0,false,CARD-10076,DEV-20065,IP-40060,CUST-30075
T3100652,445.31,18659200,W,0,false,CARD-10076,DEV-20065,IP-40060,CUST-30075
T3100653,525.37,18467200,W,0,false,CARD-10076,DEV-20065,IP-40060,CUST-30075
T3100654,3200.0,34000000,W,-1,false,CARD-10076,DEV-20065,IP-40060,CUST-30075
